{"cameraMode":{"drawMode":0,"name":"Shaded","section":"Shading Mode"},"sceneLighting":true,"audioPlay":false,"sceneViewState":{"showFog":true,"showMaterialUpdate":false,"showSkybox":true,"showFlares":true,"showImageEffects":true,"showParticleSystems":true},"in2DMode":false,"pivot":{"x":-0.008458256721496582,"y":0.9992930293083191,"z":-0.03104490041732788},"rotation":{"x":0.5837923288345337,"y":-0.0036536415573209526,"z":0.0026268973015248777,"w":0.8118926286697388},"size":25.623981475830079,"orthographic":true}